{
    "DATA_WIDTH": 8,
    "WGT_WIDTH": 8,
    "BIAS_WIDTH": 32,
    "ACC_WIDTH": 32,
    "INSTR_WIDTH": 32,
    "ARRAY_M": 128,
    "ARRAY_N": 128,
    "VMEM_BANKS": 128,
    "SIMD_WIDTH": 128,
    "IBUF_DEPTH": 4096,
    "WBUF_DEPTH": 4096,
    "OBUF_DEPTH": 8192,
    "BBUF_DEPTH": 2048,
    "VMEM_DEPTH": 4095,
    "PARAM_BUF_CHANNEL_BW": 512,
    "IBUF_CHANNEL_BW": 512,
    "OBUF_CHANNEL_BW": 512,
    "INSTR_CHANNEL_BW": 512,
    "SIMD_CHANNEL_BW": 512,
    "INSTR_DEPTH": 1024,
    "INSTR_BANKS": 1,
    "IMM_DEPTH": 64,
    "DRAM_DEPTH": 10000000,
    "DRAM_WIDTH": 8,
    "DRAM_BANKS": 64,
    "SW_PIPELINE_TEST": false,
    "USE_QUANTIZATION": true,
    "ALL_QUANT_OFF": true,
    "FUSION_CONSTRAINTS": true,
    "FUSE_LAYERS": true,
    "ADDR_GEN_TEST": false,
    "SA_TILE_CONSTR": true,
    "ASIC_CONFIG": false
}