{
	"ARRAY_M": 16,
	"ARRAY_N": 16,
	"IBUF_DEPTH": 4096,
	"WBUF_DEPTH": 4096,
	"OBUF_DEPTH": 2048,
	"BBUF_DEPTH": 1024,
	"PARAM_BUF_CHANNEL_BW": 512,
  	"DRAM_DEPTH": 50000000,
	"USE_QUANTIZATION": true,
	"FUSE_LAYERS": false,
	"SA_TILE_CONSTR": true,
	"SIMD_ONLY_FUSIONS": false,
	"DATAGEN": false,
	"SINGLE_PROGRAM_COMPILATION": true,
	"SHARED_DATAGEN": false,
	"SIMD_BASE_ADDR": {
		"LD_VMEM1": 0,
		"LD_VMEM2": 23068672,
		"ST_VMEM1": 46137344,
		"ST_VMEM2": 69206016
	},
	"SA_BASE_ADDR": {
		"INSTR": 0,
		"OBUF": 0,
		"BBUF": 4096,
		"WBUF": 24576,
		"IBUF": 134217728
	}
}