{
	"ARRAY_M": 4,
	"ARRAY_N": 4,
	"IBUF_DEPTH": 8192,
	"WBUF_DEPTH": 4096,
	"OBUF_DEPTH": 4096,
	"BBUF_DEPTH": 2048,
	"PARAM_BUF_CHANNEL_BW": 128,
	"IBUF_CHANNEL_BW": 128,
  	"OBUF_CHANNEL_BW": 128,
  	"INSTR_CHANNEL_BW": 128,
  	"SIMD_CHANNEL_BW": 128,
  	"DRAM_DEPTH": 50000000,
	"USE_QUANTIZATION": false,
	"FUSE_LAYERS": true,
	"SA_TILE_CONSTR": true,
	"SIMD_ONLY_FUSIONS": false,
	"DATAGEN": true,
	"SINGLE_PROGRAM_COMPILATION": false,
	"SHARED_DATAGEN": false,
	"SIMD_BASE_ADDR": {
		"LD_VMEM1": 0,
		"LD_VMEM2": 23068672,
		"ST_VMEM1": 46137344,
		"ST_VMEM2": 69206016
	},
	"SA_BASE_ADDR": {
		"INSTR": 0,
		"OBUF": 0,
		"BBUF": 4096,
		"WBUF": 24576,
		"IBUF": 134217728
	}
}