{
	"ARRAY_M": 64,
	"ARRAY_N": 64,
	"IBUF_DEPTH": 2048,
	"WBUF_DEPTH": 512,
	"OBUF_DEPTH": 2048,
	"BBUF_DEPTH": 256,
	"PARAM_BUF_CHANNEL_BW": 512,
  	"DRAM_DEPTH": 50000000,
	"USE_QUANTIZATION": true,
	"FUSE_LAYERS": true,
	"SA_TILE_CONSTR": false,
	"SIMD_ONLY_FUSIONS": false,
	"DATAGEN": false,
	"ADDR_GEN_TEST": false,
	"OBUF_TO_VMEM_TEST": false,
	"LOOP_OVERHEAD": false,
	"SW_PIPELINE_TEST": false,
	"SIMD_BASE_ADDR": {
		"LD_VMEM1": 0,
		"LD_VMEM2": 23068672,
		"ST_VMEM1": 46137344,
		"ST_VMEM2": 69206016
	}
}