{
	"ARRAY_M": 32,
	"ARRAY_N": 32,
	"IBUF_DEPTH": 4096,
	"WBUF_DEPTH": 2048,
	"OBUF_DEPTH": 2048,
	"BBUF_DEPTH": 128,
	"PARAM_BUF_CHANNEL_BW": 512,
  	"DRAM_DEPTH": 50000000,
	"USE_QUANTIZATION": false,
	"FUSE_LAYERS": true,
	"SA_TILE_CONSTR": false,
	"SIMD_ONLY_FUSIONS": false,
	"DATAGEN": false,
	"ADDR_GEN_TEST": false,
	"OBUF_TO_VMEM_TEST": false,
	"LOOP_OVERHEAD": false,
	"SW_PIPELINE_TEST": true,
	"LD_ST_OVERHEAD": false,
	"TPU_TEST": false,
	"SIMD_BASE_ADDR": {
		"LD_VMEM1": 0,
		"LD_VMEM2": 23068672,
		"ST_VMEM1": 46137344,
		"ST_VMEM2": 69206016
	},
	"SA_BASE_ADDR": {
		"INSTR": 0,
		"OBUF": 0,
		"BBUF": 4096,
		"WBUF": 24576,
		"IBUF": 134217728
	}
}