{
  "mode": "inference",
  "program": [
    {
      "operation": "gemm",
      "instance_id": 1,
      "iterable_dimensions": {
        "P": 1024,
        "N": 512,
        "M": 64
      },
      "operation_parameters": {},
      "inputs": [
        {
          "name": "data",
          "unique_name": "flatten_47_190Y",
          "dtype": "FXP8",
          "shape_symbols": {
            "M": 64,
            "N": 512
          },
          "data_path": [
            "DRAM",
            "IBUF",
            "pe_array"
          ],
          "tiling": {
            "DRAM": {
              "M": 64,
              "N": 512
            },
            "IBUF": {
              "M": 8,
              "N": 256
            },
            "pe_array": {
              "M": 1,
              "N": 64
            }
          }
        },
        {
          "name": "weight",
          "unique_name": "fc.weight",
          "dtype": "FXP8",
          "shape_symbols": {
            "N": 512,
            "P": 1024
          },
          "data_path": [
            "DRAM",
            "WBUF",
            "pe_array"
          ],
          "tiling": {
            "DRAM": {
              "N": 512,
              "P": 1024
            },
            "WBUF": {
              "N": 256,
              "P": 64
            },
            "pe_array": {
              "N": 64,
              "P": 64
            }
          }
        },
        {
          "name": "bias",
          "unique_name": "fc.bias",
          "dtype": "FXP32",
          "shape_symbols": {
            "P": 1024
          },
          "data_path": [
            "DRAM",
            "BBUF",
            "pe_array"
          ],
          "tiling": {
            "DRAM": {
              "P": 1024
            },
            "BBUF": {
              "P": 64
            },
            "pe_array": {
              "P": 64
            }
          }
        }
      ],
      "outputs": [
        {
          "name": "out",
          "unique_name": "output",
          "dtype": "FXP32",
          "shape_symbols": {
            "M": 64,
            "P": 1024
          },
          "data_path": [
            "DRAM",
            "OBUF",
            "pe_array",
            "OBUF",
            "DRAM"
          ],
          "tiling": {
            "DRAM": {
              "M": 64,
              "P": 1024
            },
            "OBUF": {
              "M": 8,
              "P": 64
            },
            "pe_array": {
              "M": 1,
              "P": 64
            }
          }
        }
      ],
      "operation_sequence": [
        {
          "op_type": "config",
          "op_id": 0,
          "start_or_finish": "start",
          "target": "systolic_array"
        },
        {
          "op_type": "config",
          "op_id": 1,
          "start_or_finish": "start",
          "target": "WBUF"
        },
        {
          "op_type": "config",
          "op_id": 2,
          "start_or_finish": "start",
          "target": "IBUF"
        },
        {
          "op_type": "config",
          "op_id": 3,
          "start_or_finish": "start",
          "target": "BBUF"
        },
        {
          "op_type": "config",
          "op_id": 4,
          "start_or_finish": "start",
          "target": "OBUF"
        },
        {
          "op_type": "loop",
          "op_id": 5,
          "start": 0,
          "end": 1024,
          "offset": 0,
          "stride": 64
        },
        {
          "op_type": "transfer",
          "op_id": 10,
          "operand": "bias",
          "transfer_path": [
            "DRAM",
            "BBUF"
          ],
          "transfers": {
            "DRAM->BBUF": {
              "size": 1024,
              "offset": [
                "DIM:0,LOOPID:0,OFFSET:0"
              ]
            },
            "BBUF->pe_array": {
              "size": 64,
              "offset": [
                "DIM:0,LOOPID:3,OFFSET:0"
              ]
            }
          }
        },
        {
          "op_type": "loop",
          "op_id": 6,
          "start": 0,
          "end": 512,
          "offset": 0,
          "stride": 256
        },
        {
          "op_type": "transfer",
          "op_id": 9,
          "operand": "weight",
          "transfer_path": [
            "DRAM",
            "WBUF"
          ],
          "transfers": {
            "DRAM->WBUF": {
              "size": 524288,
              "offset": [
                "DIM:0,LOOPID:1,OFFSET:0",
                "DIM:1,LOOPID:0,OFFSET:0"
              ]
            },
            "WBUF->pe_array": {
              "size": 16384,
              "offset": [
                "DIM:0,LOOPID:4,OFFSET:0",
                "DIM:1,LOOPID:3,OFFSET:0"
              ]
            }
          }
        },
        {
          "op_type": "loop",
          "op_id": 7,
          "start": 0,
          "end": 64,
          "offset": 0,
          "stride": 8
        },
        {
          "op_type": "transfer",
          "op_id": 11,
          "operand": "out",
          "transfer_path": [
            "DRAM",
            "OBUF"
          ],
          "transfers": {
            "DRAM->OBUF": {
              "size": 65536,
              "offset": [
                "DIM:0,LOOPID:2,OFFSET:0",
                "DIM:1,LOOPID:0,OFFSET:0"
              ]
            },
            "pe_array->OBUF": {
              "size": 512,
              "offset": [
                "DIM:0,LOOPID:5,OFFSET:0",
                "DIM:1,LOOPID:3,OFFSET:0"
              ]
            },
            "OBUF->DRAM": {
              "size": 65536,
              "offset": [
                "DIM:0,LOOPID:2,OFFSET:0",
                "DIM:1,LOOPID:0,OFFSET:0"
              ]
            }
          }
        },
        {
          "op_type": "transfer",
          "op_id": 8,
          "operand": "data",
          "transfer_path": [
            "DRAM",
            "IBUF"
          ],
          "transfers": {
            "DRAM->IBUF": {
              "size": 32768,
              "offset": [
                "DIM:0,LOOPID:2,OFFSET:0",
                "DIM:1,LOOPID:1,OFFSET:0"
              ]
            },
            "IBUF->pe_array": {
              "size": 2048,
              "offset": [
                "DIM:0,LOOPID:5,OFFSET:0",
                "DIM:1,LOOPID:4,OFFSET:0"
              ]
            }
          }
        },
        {
          "op_type": "loop",
          "op_id": 19,
          "start": 0,
          "end": 64,
          "offset": 0,
          "stride": 1
        },
        {
          "op_type": "loop",
          "op_id": 20,
          "start": 0,
          "end": 256,
          "offset": 0,
          "stride": 1
        },
        {
          "op_type": "loop",
          "op_id": 21,
          "start": 0,
          "end": 8,
          "offset": 0,
          "stride": 1
        },
        {
          "op_type": "compute",
          "op_id": 12,
          "operation_name": "MVMUL",
          "target": "pe_array",
          "sources": [
            "data",
            "weight",
            "bias"
          ],
          "destinations": [
            "out"
          ]
        },
        {
          "op_type": "transfer",
          "op_id": 13,
          "operand": "out",
          "transfer_path": [
            "OBUF",
            "DRAM"
          ],
          "transfers": {
            "DRAM->OBUF": {
              "size": 65536,
              "offset": [
                "DIM:0,LOOPID:2,OFFSET:0",
                "DIM:1,LOOPID:0,OFFSET:0"
              ]
            },
            "pe_array->OBUF": {
              "size": 512,
              "offset": [
                "DIM:0,LOOPID:5,OFFSET:0",
                "DIM:1,LOOPID:3,OFFSET:0"
              ]
            },
            "OBUF->DRAM": {
              "size": 65536,
              "offset": [
                "DIM:0,LOOPID:2,OFFSET:0",
                "DIM:1,LOOPID:0,OFFSET:0"
              ]
            }
          }
        },
        {
          "op_type": "config",
          "op_id": 14,
          "start_or_finish": "end",
          "target": "WBUF"
        },
        {
          "op_type": "config",
          "op_id": 15,
          "start_or_finish": "end",
          "target": "IBUF"
        },
        {
          "op_type": "config",
          "op_id": 16,
          "start_or_finish": "end",
          "target": "OBUF"
        },
        {
          "op_type": "config",
          "op_id": 17,
          "start_or_finish": "end",
          "target": "BBUF"
        },
        {
          "op_type": "config",
          "op_id": 18,
          "start_or_finish": "end",
          "target": "systolic_array"
        }
      ]
    }
  ]
}