{
  "ARRAY_N": 64,
  "ARRAY_M": 64,
  "DATA_WIDTH": 8,
  "WGT_WIDTH": 8,
  "BIAS_WIDTH": 32,
  "ACC_WIDTH": 32,
  "INSTR_WIDTH": 32,
  "SIMD_WIDTH": 64,
  "PARAM_BUF_CHANNEL_BW": 512,
  "IBUF_CHANNEL_BW": 512,
  "OBUF_CHANNEL_BW": 512,
  "INSTR_CHANNEL_BW": 512,
  "SIMD_CHANNEL_BW": 512,
  "IBUF_DEPTH": 32,
  "WBUF_DEPTH": 32,
  "OBUF_DEPTH": 32,
  "BBUF_DEPTH": 32,
  "INSTR_DEPTH": 1024,
  "IMM_DEPTH": 1,
  "DRAM_DEPTH": 100000,
  "VMEM_DEPTH": 32,
  "VMEM_BANKS": 64,
  "INSTR_BANKS": 1,
  "DRAM_BANKS": 1,
  "DRAM_WIDTH": 32
}